{
  "static": {
    "raw_scales": {
      "shape": [
        28
      ],
      "mean": -0.010412122122943401,
      "std": 0.12424712628126144,
      "min": -0.241305872797966,
      "max": 0.24567213654518127
    },
    "actual_scales": {
      "shape": [
        28
      ],
      "mean": 0.9897533059120178,
      "std": 0.12277738004922867,
      "min": 0.7632712125778198,
      "max": 1.2408461570739746
    },
    "first_10_actual_scales": [
      1.1800332069396973,
      1.2408461570739746,
      1.0762511491775513,
      1.1267735958099365,
      1.081108808517456,
      0.9845486879348755,
      1.0363248586654663,
      0.9806809425354004,
      0.8729186058044434,
      0.9485349059104919
    ]
  },
  "prompt_parameters": {
    "conditioner.input_norm.weight": {
      "shape": [
        1024
      ],
      "mean": 0.9927543997764587,
      "std": 0.0457717701792717,
      "min": 0.8870577812194824,
      "max": 1.231055736541748
    },
    "conditioner.fc1.weight": {
      "shape": [
        256,
        1024
      ],
      "mean": 5.2799492550548166e-05,
      "std": 0.022707531228661537,
      "min": -0.12355540692806244,
      "max": 0.12592174112796783
    },
    "conditioner.fc1.bias": {
      "shape": [
        256
      ],
      "mean": -0.01007815171033144,
      "std": 0.03252642974257469,
      "min": -0.06675852835178375,
      "max": 0.11263167858123779
    },
    "conditioner.hidden_norm.weight": {
      "shape": [
        256
      ],
      "mean": 0.9504205584526062,
      "std": 0.021997563540935516,
      "min": 0.8965920209884644,
      "max": 1.0224437713623047
    },
    "conditioner.fc2.weight": {
      "shape": [
        28,
        256
      ],
      "mean": 6.548068631673232e-05,
      "std": 0.030022691935300827,
      "min": -0.0772760882973671,
      "max": 0.07419688999652863
    },
    "conditioner.fc2.bias": {
      "shape": [
        28
      ],
      "mean": 0.004564108792692423,
      "std": 0.041683342307806015,
      "min": -0.07095145434141159,
      "max": 0.06100030243396759
    }
  },
  "prompt_scale_variability": {
    "num_examples_checked": 256,
    "overall_mean": 1.005968451499939,
    "overall_std": 0.12296147644519806,
    "layer_mean_first_10": [
      1.2359645366668701,
      1.2375106811523438,
      1.0893545150756836,
      1.1137700080871582,
      1.0716159343719482,
      1.0420589447021484,
      1.0315041542053223,
      0.9459485411643982,
      0.9624806642532349,
      0.9476267099380493
    ],
    "layer_std_first_10": [
      0.04422822222113609,
      0.050175417214632034,
      0.04808017238974571,
      0.04172787442803383,
      0.05489320307970047,
      0.05641854554414749,
      0.05605332553386688,
      0.04471379518508911,
      0.06990279257297516,
      0.03375138342380524
    ],
    "layer_std_mean": 0.04731955751776695,
    "layer_std_min": 0.03375138342380524,
    "layer_std_max": 0.07121365517377853,
    "dist_to_global_mean_mean": 0.2260359674692154,
    "dist_to_global_mean_std": 0.11651555448770523,
    "dist_to_global_mean_min": 0.11405471712350845,
    "dist_to_global_mean_max": 1.3450958728790283,
    "by_source": {
      "wikitext": {
        "num_examples": 133,
        "overall_mean": 1.0110900402069092,
        "overall_std": 0.13436217606067657,
        "centroid_first_10": [
          1.257272720336914,
          1.2656869888305664,
          1.1123367547988892,
          1.122527837753296,
          1.1124224662780762,
          1.074181318283081,
          1.064699649810791,
          0.9434409737586975,
          1.0069712400436401,
          0.9358230829238892
        ]
      },
      "medical": {
        "num_examples": 123,
        "overall_mean": 1.0004305839538574,
        "overall_std": 0.10905329138040543,
        "centroid_first_10": [
          1.2129237651824951,
          1.2070434093475342,
          1.0645041465759277,
          1.1043003797531128,
          1.0274916887283325,
          1.0073249340057373,
          0.9956097602844238,
          0.9486600160598755,
          0.9143731594085693,
          0.9603900909423828
        ]
      }
    },
    "wikitext_medical_centroid_distance": 0.2596491575241089
  },
  "prompt_mean_vs_static": {
    "l2_distance": 0.2273034304380417,
    "mean_abs_diff": 0.032198887318372726
  }
}